Word,Frequency
Midnight,1
Cravings,1
Strawberry,2
Cream,2
is,15
all,3
i,5
need,2
rn,1
cuz,1
love,5
it,9
berry,1
much,1
#mahableshwar,1
#mahableshwardiaries,1
#strawberry,1
#strawberrycream,1
Drop,2
a,11
heart,3
if,1
food,3
your,18
only,2
Bae,1
on,28
Valentine’s,1
Day,1
&,6
tag,2
single,1
AF,1
foodie,1
friends,2
#FoodIsMyBae,1
#valentineday,3
Eggless,1
Red,1
Velvet,1
Cupcakes,1
by,4
@payal_kapoor,2
For,2
things,1
frosty,1
and,28
sweet,2
Treat,1
yourself,1
this,6
Valentine,2
sprinkle,1
some,2
frosted,1
happiness,1
with,11
loved,2
ones,2
Live,1
eat,1
cupcakes,3
#valentine,2
#valentineweek,2
#valentinecake,1
#redvelvetcake,1
#redvelvetcupcakes,1
#sanjyotkeer,3
#celebration,1
#foodporn,7
Cup,1
full,6
of,22
cake,1
My,1
lovely,2
wife,1
Baked,1
these,2
super,2
delicious,3
for,17
me,1
Cuz,1
we,2
lots,1
What,4
are,7
you,11
cooking,1
#valentinesday,1
Video,1
now,2
out,2
the,32
YouTube,20
channel,11
#couplegoals,1
#cupcakes,1
#yourfoodlab,3
Assal,3
Kolhapuri,3
Misal,5
Recipe,2
Chef,1
@SanjyotKeer,1
Your,1
weekend,3
sorted,1
Prep,1
recipe,10
also,2
parters,1
Also,1
checkout,1
@Hamiltonbeachindia,1
’s,1
professional,1
juicer,1
mixer,1
grinder,1
which,2
I,2
use,2
in,17
my,13
kitchen,1
perfect,3
results,1
every,1
time,1
link,1
bio,9
#YFLxHamiltonBeachIndia,1
#GiftPerfection,1
#SayHelloToPerfection,1
#ProResultsAtHome,1
#HamiltonBeachIndia,1
#CookLikeAPro,1
Jhanzanit,2
Are,1
excited,1
to,16
cook,1
over,1
Go,1
watch,6
right,1
#misal,2
#misalpav,2
#kholapurimisal,1
#weekendmood,1
#foodie,5
#foodpics,1
#yummyfood,1
#streetfood,9
#spicyfood,1
#spicy,1
Tomorrow,1
Friday,1
at,4
pm,1
mobile,1
screen,1
near,1
#YFLjhanzanitRecipe,1
Who,2
Chai,2
Best,3
Tea,2
Tag,3
buddies,1
tell,1
us,1
about,1
Dost,1
#gehraiyaan,1
#chai,1
#tea,1
#NustaChai,1
#ChaiLover,1
Burrito,1
+,1
Burger,2
=,1
itto,1
In,6
mood,1
have,4
burrito,2
burger,5
OHH,1
YESS,1
it’s,2
o’clock,1
Presenting,1
our,4
inspired,1
buddy,1
prepare,1
himher,1
#recipe,5
#burger,1
#burrito,1
#promo,1
#promovideo,1
#burgerlover,1
#burgerporn,1
#burgerlife,1
#streetfoodindia,6
#mumbaifoodie,2
Weekly,1
update,1
This,2
Sunday,1
reminder,1
go,1
recent,1
videos,1
uploaded,2
Don’t,1
forget,1
try,2
share,2
recipesCheers,1
1,1
Anda,1
Ghotala,1
2,1
Jini,1
Dosa,1
3,1
Methi,1
Malai,2
Matar,1
#yflweeklyrewind,1
#foodstagram,1
Famous,5
Rambabu,1
Paratha,1
Agra,1
Kindly,4
video,13
location,4
price,4
other,4
details,4
#foodieincarnate,8
#sodelhi,7
#newdelhi,7
#foodtalkindia,7
#delhigram,6
#indianfood,5
#delhifoodblogger,4
#foodgasm,4
#foodpornshare,4
#foodlover,5
#foodgram,4
#foodiesofinstagram,4
#indianstreetfood,7
#delhistreetfood,5
#mumbaistreetfood,4
#delhifoodie,4
#foodblogger,4
#indianfoodie,6
#desikhana,5
#indianfoodblogger,4
#indianfoodbloggers,5
#delhifood,4
#mumbai,5
#delhi,5
#paratha,1
#agra,1
Lucknows,1
Most,3
Lassi,2
Watch,1
Link,8
#Foodieincarnate,2
#Reelitfeelit,2
#reelkarofeelkaro,9
#reelsinstagram,4
#reels,6
#lassi,3
#lucknow,2
#viralfood,2
#viralvideos,2
#explore,2
Faluda,1
Rabri,1
from,2
streets,1
Old,2
Delhi,4
Which,1
one,5
do,2
like,1
most,1
Where,1
Nayi,1
Sarak,1
Chandni,1
Chowk,1
#desifood,2
#shrikhand,1
#rabdi,1
#olddelhi,1
#ahmedabab,1
#jamamasjid,1
#faluda,1
#ahmedabaddiaries,1
#gujratifood,1
#gujjufood,1
#chandnichowk,1
#mumbai_igers,1
#delhi_igers,1
#incredibleindia,1
#gharkakhana,1
#suratfoodies,1
#delhiblogger,1
#gujarattourism,1
#suratfood,1
#vadodarafoodblogger,1
Paan,1
Lucknow,1
#malaipaan,1
Hyped,1
Indian,1
Street,1
Food,5
Ingredient,1
Amul,1
Butter,1
Agree,1
or,9
not,4
#reelitfeelit,7
#reelinstagram,1
#butter,1
#amulbutter,1
If,2
looking,1
getaway,1
@hotel_twintowers,1
best,3
bet,1
Located,1
summit,1
Kufri,2
Hills,1
hotel,1
gorgeous,1
property,1
surrounded,1
pine,1
trees,1
alluring,1
landscape,1
Equipped,1
plush,1
interiors,1
multi,1
cuisine,2
restaurant,1
breathtaking,1
view,1
snow,1
covered,1
peak,1
Himalayas,1
provides,1
lodging,1
experience,1
Recommended,1
#kufri,1
#newkufri,1
#snowfall,1
#kufrihills,1
#kufrishimla,1
#mountainscalling,1
#amarsirohi,1
#mountainscape,1
#mountainsarecalling,1
#shimla,1
#shimlablogger,1
#hotelblogger,1
#indianhotels,1
#shimlahotels,1
#staycation,1
#aahma,1
#hotelstay,1
#staycations,1
#foodbloggers,1
#lifestyleblogger,1
#travelblogger,1
#amarsirohivlogs,1
#shimladiaries,1
#shimlahills,1
#shimlasnowfall,1
#shimlalife,1
Special,1
Dahi,1
Bade,1
Sendra,1
Rajasthan,1
#sendra,1
#rajasthan,1
Making,1
Agras,1
Dalmoth,1
You,4
can,1
place,1
order,1
website,1
www,1
pracheenpetha,1
com,1
WhatsApp,1
#dalmoth,1
#farsan,1
One,2
TASTIEST,1
fruit,2
juice,6
that,5
ever,1
had,3
Can,1
guess,1
ye,1
kis,1
ka,1
hai,1
fresh,1
grapes,2
MTR,1
Basavanagudi,1
Bangalore,3
Made,1
using,1
black,1
sugar,1
ice,1
tasted,1
damn,1
good,1
but,4
was,1
very,1
refreshing,3
During,1
stay,1
glasses,1
grape,2
everyday,1
wonder,1
why,1
shops,1
Mumbai,1
dont,1
make,2
Nevertheless,1
must,1
when,1
#grapejuice,1
#mangojuice,1
#grapes,1
#fruitjuice,1
#bangalorefood,1
#bangalorefoodies,1
#kolkatafood,1
#milkshake,2
#bananashake,1
#smoothie,1
#southindianfood,1
#goodfoodindia,1
#delhifoodbloggers,1
#delhifoodblog,1
#lbbbangalore,1
#nammabengaluru,1
Drink,1
Gujarat,1
#coldcoco,1
#surat,1
Traditional,3
feast,1
brings,1
people,1
together,1
many,1
different,1
levels,1
Its,2
nourishment,1
soul,1
body;,1
its,1
truly,1
”,1
#foodzeee,9
Then,1
nellikai,1
Amla,1
murabba,1
Detailed,8
will,3
be,3
soon,1
#thennellikka,1
#amlamurabba,1
#RefreshWithHeritage,4
Challenge,1
We,1
made,1
creamy,1
rich,1
falooda,1
@heritagefoodslimited,2
Vanilla,1
milkshake,1
The,3
milkshakes,3
so,1
thick,1
wholesome,1
difficult,1
finish,1
them,1
before,1
start,2
Do,1
participate,1
challenge,1
Make,1
reel,1
showing,1
unusual,1
fascinating,1
ways,1
enjoy,2
hashtag,1
Churn,1
creative,1
wheels,1
lucky,1
win,1
hamper,1
Follow,1
Instagram,1
Facebook,1
family,1
their,1
interesting,1
versions,1
drinking,1
Heritage,1
as,2
well,2
WIN,1
AMAZING,1
HERITAGE,1
HAMPERS,1
EVERYDAY,1
‼,1
contest,1
ends,1
th,1
Feb,1
Hurry,1
Now,1
#heritagemilkshake,1
#falooda,1
#icecream,2
Beetroot,1
kola,2
urundai,1
|,3
Chettinad,1
beetroot,1
@foodzeee,6
search,7
FOODZEEE,7
#kolaurundai,1
#beetrootkolaurundai,1
Manga,1
curry,2
Raw,1
mango,1
coconut,3
milk,2
#mangacurry,1
#mango,1
Semiya,1
payasam,1
#payasam,1
#semiyapayasam,1
#coconutmilkpayasam,1
Puliyogare,1
gojju,1
Puliyohara,1
masala,1
paste,1
@foofzeee,1
#puliyogare,1
#puliogaregojju,1
#puliyodharai,1
Halwai,1
style,1
imli,1
ki,1
chutney,3
Tamarind,1
date,1
chaat,1
#chaat,1
#imlichutney,1
#chaatchutneys,1
Brewed,1
sukku,2
malli,2
karupatti,1
kapi,2
twist,1
adding,1
@levistacoffee,1
Strong,1
blend,1
used,1
treat,1
cough,1
cold,1
has,1
anti,1
inflammatory,1
properties,1
It,2
indeed,1
comforting,1
sip,1
soothe,1
sore,1
throat,1
Levista,1
offers,1
an,1
array,1
unique,1
blends,1
crafted,1
delight,1
coffee,1
lovers,1
strong,1
yet,1
overpowering,1
taste,1
allows,1
cup,1
#coffee,1
#kapi,1
#levistacoffee,1
#sukkumallicoffee,1
Travel,1
dosai,1
#coconutchutney,1
#chutney,1
#dosa,1
@dilsecouple,2
Is,1
Enjoying,1
Lunch,1
At,3
@tajpalacenewdelhi,2
Spicy,1
Duck,1
#dilsefoodie,10
#dilsecouple,9
Perfect,1
Desi,1
Hotdogs,1
And,3
Nutri,1
Bun,1
Tasting,1
tillour,1
A,1
Kashmiri,1
Breakfast,1
Item,1
@dilsefoodie,1
@duggar_vlogs,2
#viral,1
#viralreels,1
#bhyp,1
#jammukashmir,1
#likesforlike,1
Experienced,1
Authentic,1
Dogra,1
Jammu,6
Thank,1
@foodpandits,1
Helping,1
Me,1
Bro,1
Love,2
Ka,1
Sabse,1
Bada,1
Naan,1
Of,1
Rista,1
Billu,1
Di,1
Hatti,1
They,1
Serve,2
Only,2
Halal,2
U,1
Know,1
Hindu,1
Family,1
From,1
Last,1
Many,1
Years,1
Worlds,1
Atta,1
Chicken,1
#attachicken,1
Jalandhar,1
Series,1
Coming,1
On,1
Thanks,1
To,1
@mrpettoosingh,1
@gurwindersinghvlogs,1
Serious,1
Question,1
French,1
Toast,1
Ice,1
does,1
ok,1
breakfast,2
@feedyourgirlfriend,1
@milkbarstore,1
#foodfaves,7
#milkbar,1
#momufuku,1
#frenchtoast,1
Let’s,1
taco,1
bout,1
Korean,1
fusion,1
Tacos,1
@feedmeimei,1
@tacorea,1
#tacotuesday,1
#fusion,1
#koreanfood,1
#mexicanfood,1
@lilfrankies,1
always,1
lil,1
pizza,1
#happyvalentinesday,1
#pizza,1
Everyone,1
loves,1
nachos,2
@munchies,1
@farideh,1
might,1
just,2
created,1
ultimate,2
Super,2
Bowl,2
DIY,1
Crunchwrap,1
Supreme,1
having,1
#superbowl,1
#crunchwrap,1
#tacobell,1
#tacos,1
There’s,1
then,1
there’s,1
Poké,1
Nachos,1
@grindwittryz,1
@hangryforwhat,1
#nachos,1
#portlandfood,1
Decisions,1
decisions,1
#nationalpizzaday,1
@whatgraceeats,1
@robertaspizza,1
No,1
better,2
way,1
day,1
than,1
visit,1
@winsonbakery,1
they,1
typical,1
bakery,1
serving,1
taiwanese,1
american,1
#taiwanesefood,1
#newyorkcity,2
#bakery,1
#sandwichlover,1
Fact,1
Sundays,1
bagel,3
sandwiches,1
@ariandthefoodie,1
@bkbagelny,1
#sundaybrunch,1
#bagelsandwich,1
celebration,1
#chinesenewyear,1
year,1
we’re,1
celebrating,1
@zandyrestaurant,1
#sanfrancisco,1
#chinesefood,1
#bayarea,1
#michelinguide,1
takes,1
courage,1
take,1
NYC,1
vs,1
LA,1
debate,1
@courage_bagels,1
delivers,1
think,1
destination,1
comments,1
below,1
@hreins,1
@infatuation_la,1
#bagels,1
#bagellovers,1
#losangeles,1
